product_id,product_name,aisle,department,aisle_id
1,Classics Earl Grey Tea,prepared soups salads,frozen,1
2,100% Recycled Aluminum Foil,specialty cheeses,other,2
3,Dried Sweetened Cranberries,energy granola bars,bakery,3
4,Garnet Sweet Potato (Yam),instant foods,produce,4
5,Natural Liquid Laundry Detergent - Blue Eucalyptus and Lavender,marinades meat preparation,alcohol,5
6,Pinot Grigio,other,international,6
7,Cannellini White Kidney Beans,packaged meat,beverages,7
8,Ice Bag,bakery desserts,pets,8
9,Cherry Pomegranate Greek Yogurt,pasta sauce,dry goods pasta,9
10,Mango Sorbet,bakery desserts,pets,8
11,Worcestershire Sauce,kitchen supplies,other,10
12,Organic Red Roasted Peppers,cold flu allergy,beverages,11
13,Unsalted Pure Irish Butter,fresh pasta,dry goods pasta,12
14,Natural Cane Turbinado Sugar,prepared meals,other,13
15,Sauvignon Blanc,other,international,6
16,Whole Bay Leaves,tofu meat alternatives,bulk,14
17,Homemade Salted Butter,fresh pasta,dry goods pasta,12
18,Yellow Bell Pepper,instant foods,produce,4
19,Mint Chip,bakery desserts,pets,8
20,Roasted Green Chile & Jack Cheese Tamales,packaged seafood,personal care,15
21,Meyer Lemons,fresh herbs,produce,16
22,Disinfecting Bathroom Cleaner - Lemongrass Citrus,baking ingredients,alcohol,17
23,"Delights Chicken Sausage, Egg Whites, & Cheese English Muffin",bulk dried fruits vegetables,pets,18
24,Unsweetened Coconut Milk,oils vinegars,meat seafood,19
25,Mango Sparkling Water,oral hygiene,frozen,20
26,Chayote,instant foods,produce,4
27,Breakfast Burrito With Potatoes Jack & Cheddar Cheese & Meatless Chorizo,packaged seafood,personal care,15
28,Organic Whole Kernel Sweet Corn No Salt Added,cold flu allergy,beverages,11
29,Organic Spelt Flour,prepared meals,other,13
30,Krinkle Cut Classic Barbecue Potato Chips,packaged cheese,bakery,21
31,Organic Roasted Red Pepper & Tomato Soup,hair care,beverages,22
32,Beef Broth,hair care,beverages,22
33,Hampshire 100% Natural Sour Cream,popcorn jerky,dry goods pasta,23
34,"6\"" Skewers",fresh fruits,alcohol,24
35,100% Grapeseed Oil,soap,other,25
36,Arancita Rossa,coffee,frozen,26
37,Whole Milk,beers coolers,dry goods pasta,27
38,Organic Beef Uncured Hot Dogs,red wines,pantry,28
39,Organic Mushroom & Olive Pizza,honeys syrups nectars,pets,29
40,Toasted Coconut Almondmilk Blend,latino foods,dry goods pasta,30
41,Mango Sorbet Pops,bakery desserts,pets,8
42,Italian Dry Salame,refrigerated,personal care,31
43,Yellow Onions,instant foods,produce,4
44,Red Cabbage,instant foods,produce,4
45,Yellow Corn Meal,prepared meals,other,13
46,Baby Portabella Mushrooms,instant foods,produce,4
47,Shredded Parmesan,packaged produce,dry goods pasta,32
48,Seedless Red Grapes,kosher foods,produce,33
49,Vanilla Almond Breeze,latino foods,dry goods pasta,30
50,100% Natural Whole Peeled Plum Tomatoes,cold flu allergy,beverages,11
51,Green Onions,instant foods,produce,4
52,100% Whole Wheat Bread,frozen meat seafood,breakfast,34
53,Organic Thompson Seedless Raisins,energy granola bars,bakery,3
54,Jack's Special Mild Salsa,poultry counter,personal care,35
55,Monterey Jack Cheese,packaged produce,dry goods pasta,32
56,Organic No Salt Added Diced Tomatoes,cold flu allergy,beverages,11
57,Prosciutto,refrigerated,personal care,31
58,Small Hass Avocado,fresh herbs,produce,16
59,Italian Sparkling Mineral Water,oral hygiene,frozen,20
60,Cheddar Puffs,packaged cheese,bakery,21
61,Organic Dark Rye Flour,prepared meals,other,13
62,White Onion,instant foods,produce,4
63,Organic Lemon,fresh herbs,produce,16
64,Organic Kalamata Olive Spread,butter,other,36
65,Boneless Skinless Chicken Breast,ice cream ice,pantry,37
66,Merlot,frozen meals,international,38
67,Frijoles Negros Black Beans,packaged meat,beverages,7
68,Half and Half,seafood counter,dry goods pasta,39
69,Light & Lean Pasta & Veggie Bowl,dog food care,pets,40
70,Casera Medium Salsa,butter,other,36
71,Natural Artichoke Hearts Quartered,cold flu allergy,beverages,11
72,Soft Potato Bread,frozen meat seafood,breakfast,34
73,Bag of Lemons,fresh herbs,produce,16
74,Backyard Barbeque Potato Chips,packaged cheese,bakery,21
75,Hommus Roasted Eggplant,poultry counter,personal care,35
76,Milk Chocolate,cat food care,bakery,41
77,Mozzarella Cheese,packaged produce,dry goods pasta,32
78,Organic Whole Peeled Plum Tomatoes,cold flu allergy,beverages,11
79,Hearts Of Palm,cold flu allergy,beverages,11
80,Organic Iceberg Lettuce,instant foods,produce,4
81,Red Wine Vinegar,soap,other,25
82,Vidalia Onions,instant foods,produce,4
83,Brandy,frozen vegan vegetarian,international,42
84,Mr Pita Plain Pita Bread,buns rolls,breakfast,43
85,New Orleans Iced Coffee,eye ear care,frozen,44
86,White Beans,packaged meat,beverages,7
87,Sweet Butternut Squash Ravioli,candy chocolate,canned goods,45
88,Tomato Ketchup,kitchen supplies,other,10
89,Vermouth,mint gum,international,46
90,100% Recycled Paper Towels,vitamins supplements,alcohol,47
91,Uncured Beef Hot Dogs,red wines,pantry,28
92,Instant Espresso Coffee,eye ear care,frozen,44
93,Organic Navel Orange,fresh herbs,produce,16
94,Russet Potato,instant foods,produce,4
95,Peanut Butter Creamy With Salt,breakfast bars pastries,other,48
96,Apple Honeycrisp Organic,fresh herbs,produce,16
97,Feta Cheese,packaged produce,dry goods pasta,32
98,Traditional Scottish Style Smoked Salmon,packaged poultry,pantry,49
99,Broccoli Crown,instant foods,produce,4
100,Vanilla Milk Chocolate Almond Ice Cream Bars,bakery desserts,pets,8
101,Diced Tomatoes,cold flu allergy,beverages,11
102,"Seasoning, Italian",fruit vegetable snacks,other,50
103,Key Limes,preserved dips spreads,produce,51
104,Basil,frozen breakfast,produce,52
105,Blueberries,cream,pets,53
106,Garlic Powder,fruit vegetable snacks,other,50
107,Granny Smith Apples,fresh herbs,produce,16
108,Dry Roasted Peanuts,energy granola bars,bakery,3
109,Organic Homestyle Mini Waffles,bulk dried fruits vegetables,pets,18
110,Mesclun Salad,kosher foods,produce,33
111,Original Popcorn,paper goods,bakery,54
112,"Seasoned Rice Vinegar, Original",soap,other,25
113,Organic Multigrain Waffles,bulk dried fruits vegetables,pets,18
114,Cold Pressed Fuji Apple Juice,shave needs,frozen,55
115,Whole Lychees in Heavy Syrup,diapers wipes,beverages,56
116,Double Roasted Tomato Medium Salsa,butter,other,36
117,Light Corn Syrup with Real Vanilla,granola,other,57
118,Shredded Carrots,kosher foods,produce,33
119,Plain Bread Crumbs,frozen breads doughs,other,58
120,Italian Extra Virgin Olive Oil,soap,other,25
121,Organic Red Bell Pepper,instant foods,produce,4
122,Organic Bunny-Luv Fresh Carrots,instant foods,produce,4
123,Grade A Cage Free Omega-3 Enriched Medium Eggs,canned meals beans,dry goods pasta,59
124,Medium Cheddar Cheese Block,packaged produce,dry goods pasta,32
125,Chipotle Pepprs in Adobo Sauce,trash bags liners,meat seafood,60
126,Tuscan Kale,instant foods,produce,4
127,Shortbread Cookies,cookies cakes,bakery,61
128,Honey Dijon Potato Chips,packaged cheese,bakery,21
129,Napa Cabbage,instant foods,produce,4
130,Light & Lean Black Bean and Cheese Enchilada,dog food care,pets,40
131,Organic Simply Naked Pita Chips,packaged cheese,bakery,21
132,Red Raspberries,kosher foods,produce,33
133,Laundry Detergent Free & Clear,marinades meat preparation,alcohol,5
134,Unflavored Gelatin,white wines,other,62
135,Kidz Baked Chicken Nuggets,grains rice dried goods,pets,63
136,"Tortillas, Corn, Organic",buns rolls,breakfast,43
137,Corn Starch,prepared meals,other,13
138,Gluten-Free Chicken Nuggets,energy sports drinks,pets,64
139,Ground Cinnamon,fruit vegetable snacks,other,50
140,Hass Avocados,preserved dips spreads,produce,51
141,Organic Distilled White Vinegar,soap,other,25
142,French Vanilla Coconut Milk Creamer,latino foods,dry goods pasta,30
143,Organic Mung-Bean Sprouts,kosher foods,produce,33
144,Spaghetti Squash,instant foods,produce,4
145,Morning Oat Crunch,protein meal replacements,dairy eggs,65
146,Black Bobby Pins,asian foods,household,66
147,Poultry Seasoning,fruit vegetable snacks,other,50
148,Camembert,fresh dips tapenades,dry goods pasta,67
149,Bag of Organic Bananas,fresh herbs,produce,16
150,Lowfat Milk,beers coolers,dry goods pasta,27
151,Mandarin Liquid Hand Soap,bulk grains rice dried goods,household,68
152,Organic Blue Corn Tortilla Chips,packaged cheese,bakery,21
153,Amish Blue Cheese,fresh dips tapenades,dry goods pasta,67
154,Blue Cheese Crumbles Cheese,packaged produce,dry goods pasta,32
155,Apples,fresh herbs,produce,16
156,Bacon Cheddar Beef Burger,soup broth bouillon,pantry,69
157,Sliced Almonds,prepared meals,other,13
158,Light and Lean Macaroni and Cheese,dog food care,pets,40
159,Roasted Salted Cashews,energy granola bars,bakery,3
160,Natural Free & Clear Dish Liquid,digestion,alcohol,70
161,Organic Pumpkin,prepared meals,other,13
162,Daily Grind Black Peppercorn,fruit vegetable snacks,other,50
163,Jasmine Rice,refrigerated pudding desserts,canned goods,71
164,Curry Powder,fruit vegetable snacks,other,50
165,Snow Peas,instant foods,produce,4
166,Penne Pasta,condiments,canned goods,72
167,Tomato Paste,facial care,canned goods,73
168,White Wine Vinegar,soap,other,25
169,Organic Yellow Mustard,kitchen supplies,other,10
170,Natural Goodness 33% Less Sodium Chicken Broth,hair care,beverages,22
171,Puff Pastry Sheets,dish detergents,pets,74
172,Tommy/Kent/Keitt/Haden Mango,fresh herbs,produce,16
173,Raisins,energy granola bars,bakery,3
174,Blueberry Pint,fresh herbs,produce,16
175,Mangos,fresh herbs,produce,16
176,Orange Bell Pepper,instant foods,produce,4
177,Organic Extra Virgin Oil Olive,soap,other,25
178,Chipotle In Adobo Sauce Peppers,trash bags liners,meat seafood,60
179,Macaroni and Cheese,dog food care,pets,40
180,Shallot,instant foods,produce,4
181,Light Corn Syrup,granola,other,57
182,Organic Large Brown Eggs,canned meals beans,dry goods pasta,59
183,Sharp Cheddar Cheese,packaged produce,dry goods pasta,32
184,Canola Spray Oil With Butter Flavor,soap,other,25
185,Fresh Asparagus,instant foods,produce,4
186,Organic Yams,instant foods,produce,4
187,"Fruit Spread, Deluxe, Strawberry",breakfast bars pastries,other,48
188,Walnut Halves & Pieces,energy granola bars,bakery,3
189,Strawberries,fresh herbs,produce,16
190,Natural Hickory Smoked Canadian Bacon Center Cut From Pork Loin,red wines,pantry,28
191,Potato Chips Sweet Potato,packaged cheese,bakery,21
192,Creamy Peanut Butter,breakfast bars pastries,other,48
193,Corn Husk,trash bags liners,meat seafood,60
194,Clementina Sparkling Beverage,oral hygiene,frozen,20
195,Honeycrisp Apples,fresh herbs,produce,16
196,Rhubarb,instant foods,produce,4
197,White with 30% Cacao Content Organic Chocolate,cat food care,bakery,41
198,Sliced Swiss Cheese,packaged produce,dry goods pasta,32
199,Orange Juice 100% Juice,shave needs,frozen,55
200,Pitted Prunes,energy granola bars,bakery,3
201,Air Chilled Breaded Chicken Breast Nuggets,grains rice dried goods,pets,63
202,Large Pitted California Ripe Olives,laundry,other,75
203,Plastic Wrap,vitamins supplements,alcohol,47
204,Carrots,instant foods,produce,4
205,Organic Green Leaf Lettuce,instant foods,produce,4
206,La Lechera Dulce De Leche,prepared meals,other,13
207,Golden Raisins,energy granola bars,bakery,3
208,Saltine Crackers,indian foods,bakery,76
209,Ginger Ale Soda,coffee,frozen,26
210,Organic Grade A Free Range Large Brown Eggs,canned meals beans,dry goods pasta,59
211,Organic Heavy Whipping Cream,seafood counter,dry goods pasta,39
212,Garlic Couscous,soft drinks,canned goods,77
213,Tomato Goat Cheese & Herbs Pizza,packaged seafood,personal care,15
214,Original Enriched Rice Drink,latino foods,dry goods pasta,30
215,Horseradish,kitchen supplies,other,10
216,Apple Cider Vinegar,soap,other,25
217,Organic Cashew Caramel Macrobar,crackers,bakery,78
218,"Fruit, Nut & Fiber Muesli",protein meal replacements,dairy eggs,65
219,Crunch Granola Bar Chocolate Chip,crackers,bakery,78
220,Vegetable Stock,hair care,beverages,22
221,Medium Scarlet Raspberries,fresh herbs,produce,16
222,Apple Juice 100% Pure,frozen pizza,frozen,79
223,Spring Water,oral hygiene,frozen,20
224,Organic Russet Potato,instant foods,produce,4
225,Basmati Rice,refrigerated pudding desserts,canned goods,71
226,Organic Creamy Butternut Squash Soup,hair care,beverages,22
227,Blackeye Peas,cold flu allergy,beverages,11
228,"Hazelnuts in Milk Chocolate, 33% Cocoa",cat food care,bakery,41
229,100% Pure Sesame Oil,soap,other,25
230,Brandy VS,frozen vegan vegetarian,international,42
231,With Stainlifters Free Clear 94 Loads Laundry Detergent,marinades meat preparation,alcohol,5
232,Dried Apricots,energy granola bars,bakery,3
233,Carb Balance Whole Wheat Flour Burrito Tortillas,buns rolls,breakfast,43
234,Roasted Turkey,refrigerated,personal care,31
235,Total 0% Greek Yogurt,pasta sauce,dry goods pasta,9
236,Roasted Red Pepper Hummus,poultry counter,personal care,35
237,Organic Strawberries,fresh herbs,produce,16
238,Cluster Blend Cashew White Peach Granola,deodorants,dairy eggs,80
239,Pretzel Crisps Original Deli Style Pretzel Crackers,packaged cheese,bakery,21
240,Organic Creamy Tomato Soup,hair care,beverages,22
241,Vanilla Bean Light Ice Cream,bakery desserts,pets,8
242,Organic Miso Broth,hair care,beverages,22
243,Heart to Heart Honey Toasted Oat Cereal,protein meal replacements,dairy eggs,65
244,Instant Yeast,prepared meals,other,13
245,Cut Hearts Of Palm,canned jarred vegetables,personal care,81
246,American Cheese Singles,packaged produce,dry goods pasta,32
247,Organic Baby Arugula,kosher foods,produce,33
248,Organic Italian Salad,kosher foods,produce,33
249,Organic Baby Spinach,kosher foods,produce,33
250,Organic Boneless Skinless Chicken Breast,ice cream ice,pantry,37
251,Green Bell Pepper,instant foods,produce,4
252,The Original Worcestershire Sauce,kitchen supplies,other,10
253,Minced Ginger,cold flu allergy,beverages,11
254,Rosemary,fruit vegetable snacks,other,50
255,100% Pure Pumpkin,prepared meals,other,13
256,Free & Clean Unscented Hand Soap,baking ingredients,alcohol,17
257,Total 0% Cherry Nonfat Yogurt,pasta sauce,dry goods pasta,9
258,Tomato Sauce,cold flu allergy,beverages,11
259,Jicama,instant foods,produce,4
260,Organic Mountain Forest Amber Honey,granola,other,57
261,Italian Blend Shredded Cheese,packaged produce,dry goods pasta,32
262,Chocolate Peanut Butter Ice Cream,bakery desserts,pets,8
263,Roasted Bell Peppers,laundry,other,75
264,Bunny-Luv Fresh Organic Carrots,kosher foods,produce,33
265,Genuine Brewed Rice Vinegar,oils vinegars,meat seafood,19
266,Sriracha Chili Sauce,oils vinegars,meat seafood,19
267,Ground Nutmeg,fruit vegetable snacks,other,50
268,Chives,baby accessories,bakery,82
269,All Natural White Vinegar,soap,other,25
270,Chicken Tortilla Soup,canned jarred vegetables,personal care,81
271,Ground Cayenne Red Pepper,fruit vegetable snacks,other,50
272,Organic Long Grain White Rice,refrigerated pudding desserts,canned goods,71
273,Rotini Pasta,condiments,canned goods,72
274,Organic Whole Wheat Tortillas,buns rolls,breakfast,43
275,Red Peppers,instant foods,produce,4
276,Honey Graham Crackers,indian foods,bakery,76
277,Seasoned Rice Vinegar,oils vinegars,meat seafood,19
278,Port,mint gum,international,46
279,Green Cabbage,instant foods,produce,4
280,Potato Hot Dog Buns,fresh vegetables,breakfast,83
281,In Light Seasoning White Beans,packaged meat,beverages,7
282,Vanilla Skyr Nonfat Yogurt,pasta sauce,dry goods pasta,9
283,Organic Light Sodium Creamy Harvest Corn Soup,hair care,beverages,22
284,Banana,fresh herbs,produce,16
285,Organic Garlic,instant foods,produce,4
286,Organic Green Lentils,refrigerated pudding desserts,canned goods,71
287,Instant Oatmeal Variety Pack,milk,dairy eggs,84
288,Original Orange Juice,shave needs,frozen,55
289,Curly Mustard Greens Bunch,instant foods,produce,4
290,Blasts! Reese's Peanut Butter Cups Frozen Dairy Dessert,bakery desserts,pets,8
291,Organic Green Grapes,fresh herbs,produce,16
292,Cold Brew Coffee,eye ear care,frozen,44
293,Organic Beef Stock,coffee,frozen,26
294,Original Soy Milk,latino foods,dry goods pasta,30
295,Parmesan Shredded Cheese,packaged produce,dry goods pasta,32
296,Pecan Halves,energy granola bars,bakery,3
297,Pimento Stuffed Manzanilla Olives,laundry,other,75
298,Baby Bella Mushrooms,kosher foods,produce,33
299,Light Sour Cream,popcorn jerky,dry goods pasta,23
300,Limes,fresh herbs,produce,16
301,Cotija,packaged produce,dry goods pasta,32
302,White Corn,instant foods,produce,4
303,"Buttermilk, Cultured Low Fat",beers coolers,dry goods pasta,27
304,With Caffeine Peach Mango on the go Drink Mix,food storage,frozen,85
305,Vitamin D Added Evaporated Milk,prepared meals,other,13
306,Extra Sharp White Cheddar Cheese,packaged produce,dry goods pasta,32
307,Seasoning,fruit vegetable snacks,other,50
308,Half & Half,seafood counter,dry goods pasta,39
309,Fresh Cauliflower,instant foods,produce,4
310,Organic Black Beans,packaged meat,beverages,7
311,Bread Crumbs,prepared meals,other,13
312,Hoisin Sauce,oils vinegars,meat seafood,19
313,Uncured Genoa Salami,refrigerated,personal care,31
314,Cello Carrots,instant foods,produce,4
315,Almond Meal/Flour,prepared meals,other,13
316,Panko Japanese Style Bread Crumbs,frozen meat seafood,breakfast,34
317,Organic Lacinato (Dinosaur) Kale,instant foods,produce,4
318,Real Mayonnaise,kitchen supplies,other,10
319,Organic Whole Milk,beers coolers,dry goods pasta,27
320,Extra Virgin Imported Robust Olive Oil,soap,other,25
321,Organic Raspberries,kosher foods,produce,33
322,Total 0% Nonfat Plain Greek Yogurt,pasta sauce,dry goods pasta,9
323,Organic Fuji Apple,fresh herbs,produce,16
324,Pure Rewards Grain Free Chicken & Lamb Jerky Bits Dog Treats,eggs,babies,86
325,Vitamin D Whole Milk,beers coolers,dry goods pasta,27
326,Bagel Thins Everything,more household,breakfast,87
327,White Horseradish,kitchen supplies,other,10
328,No Pulp Orange Juice,shave needs,frozen,55
329,Collard Greens,instant foods,produce,4
330,Oven Roasted Turkey,refrigerated,personal care,31
331,Louisiana's Pure Hot Sauce,kitchen supplies,other,10
332,Grapefruit Juice,shave needs,frozen,55
333,Bunched Cilantro,frozen breakfast,produce,52
334,100% Lime Juice,frozen pizza,frozen,79
335,Chocolate Coconut Crisps,cat food care,bakery,41
336,Stone Ground White Rice Flour,prepared meals,other,13
337,Michigan Organic Kale,instant foods,produce,4
338,Iceberg Lettuce,instant foods,produce,4
339,Organic Gluten Free Sea Salt by the Seashore Multigrain Tortilla Chips,packaged cheese,bakery,21
340,Slivered Almonds,energy granola bars,bakery,3
341,Baby Arugula,kosher foods,produce,33
342,Leek,instant foods,produce,4
343,Marinated Artichoke Hearts,cold flu allergy,beverages,11
344,Vintners Reserve Sauvignon Blanc,other,international,6
345,Roma Tomato,instant foods,produce,4
346,Coke,coffee,frozen,26
347,Lemon-Lime Soda,coffee,frozen,26
348,Cream Top Peach on the Bottom Yogurt,pasta sauce,dry goods pasta,9
349,Morena Pure Cane Sugar,prepared meals,other,13
350,Shredded Mozzarella,packaged produce,dry goods pasta,32
351,Distilled White Vinegar,soap,other,25
352,Hazelnut Chunk,cat food care,bakery,41
353,Orzo Pasta,condiments,canned goods,72
354,Double Acting Baking Powder,prepared meals,other,13
355,100% Pure Cider,frozen pizza,frozen,79
356,Total 2% All Natural Plain Greek Yogurt,pasta sauce,dry goods pasta,9
357,California Ripe Pitted Large Olives,laundry,other,75
358,Organic Large Brown Grade AA Cage Free Eggs,canned meals beans,dry goods pasta,59
359,Baby Brie,packaged produce,dry goods pasta,32
360,Butternut Squash,instant foods,produce,4
361,Calrose Rice,refrigerated pudding desserts,canned goods,71
362,Hazelnut Chocolate Chip Gelato,bakery desserts,pets,8
363,Milk Chocolate Bar,cat food care,bakery,41
364,Pure Cane Granulated White Sugar,prepared meals,other,13
365,Organic Classic Hummus,poultry counter,personal care,35
366,Unsalted Vegetable Stock,hair care,beverages,22
367,Mediterranean Apricots,energy granola bars,bakery,3
368,Cacao Milk Chocolate,cat food care,bakery,41
369,Some Pulp Orange Juice,shave needs,frozen,55
370,Shredded Mild Cheddar Cheese,packaged produce,dry goods pasta,32
371,100% Orange Juice,shave needs,frozen,55
372,Extra Virgin Olive Oil,soap,other,25
373,Fresh Ginger Root,instant foods,produce,4
374,Original No Pulp 100% Florida Orange Juice,shave needs,frozen,55
375,Organic Cilantro,frozen breakfast,produce,52
376,Pretzel In Milk Chocolate Bar,cat food care,bakery,41
377,Organic Creamy Pumpkin Soup,hair care,beverages,22
378,1% Low Fat Milk,beers coolers,dry goods pasta,27
379,Toasted Pine Nut Couscous Mix,soft drinks,canned goods,77
380,Yogurt Pretzels,indian foods,bakery,76
381,Canola Oil Baking Spray with Flour,soap,other,25
382,No Caffeine Lemon Lime Soda,coffee,frozen,26
383,Dijon Mustard,kitchen supplies,other,10
384,Whole Grain Cheddar Baked Snack Crackers,indian foods,bakery,76
385,Reduced Fat 2% Milk,beers coolers,dry goods pasta,27
386,Shredded 3 Cheese Blend,packaged produce,dry goods pasta,32
387,Romaine Hearts,kosher foods,produce,33
388,Spaghetti,condiments,canned goods,72
389,Red Chard Greens Bunch,instant foods,produce,4
390,Ricotta Cheese,packaged produce,dry goods pasta,32
391,Sparkling Natural Mineral Water,oral hygiene,frozen,20
392,Goat Cheese Crumbles,packaged produce,dry goods pasta,32
393,Max Roach Killing Small Bait Stations,spreads,alcohol,88
394,Cherry Tomatoes,fresh herbs,produce,16
395,Premium Firm Tofu,latino foods,dry goods pasta,30
396,100% Pineapple Juice,frozen pizza,frozen,79
397,New York Cheddar Potato Chips,packaged cheese,bakery,21
398,Sinfully Sweet Campari Tomatoes,instant foods,produce,4
399,Total 2% Lowfat Greek Strained Yogurt with Peach,pasta sauce,dry goods pasta,9
400,Whole Arbol Chili Pods Bag,fruit vegetable snacks,other,50
401,Organic Italian Parsley Bunch,frozen breakfast,produce,52
402,Cooking Beef Stock,hair care,beverages,22
403,Petite Peas,cream,pets,53
404,Garlic,instant foods,produce,4
405,Pesto Pasta Sauce,facial care,canned goods,73
406,Hass Avocado Bag,fresh herbs,produce,16
407,Pitted Dates,energy granola bars,bakery,3
408,Pepperoncini,kitchen supplies,other,10
409,Beets Bunch,instant foods,produce,4
410,Red Vine Tomato,instant foods,produce,4
411,Black Beans,packaged meat,beverages,7
412,Peach,fresh herbs,produce,16
413,Pure Olive Oil,soap,other,25
414,Sweet Roasted Peppers,cold flu allergy,beverages,11
415,Yukon Gold Potato,kosher foods,produce,33
416,Organic Unsweetened Almond Milk,latino foods,dry goods pasta,30
417,Natural Juice Pineapple Coconut,frozen pizza,frozen,79
418,Pure Canola Oil,soap,other,25
419,Organic Sea Salt Roasted Seaweed Snacks,oils vinegars,meat seafood,19
420,Organic Roasted Sliced Chicken Breast,refrigerated,personal care,31
421,Bunny Pasta with Yummy Cheese Macaroni & Cheese,soft drinks,canned goods,77
422,Pure Cane Granulated Sugar,prepared meals,other,13
423,"Milk, Vitamin D",beers coolers,dry goods pasta,27
424,Artichokes,instant foods,produce,4
425,Serrano Chile Peppers,instant foods,produce,4
426,Salted Caramel Iced Coffee With Almond Milk,shave needs,frozen,55
427,"Bar, Toffee & Almonds in Milk Chocolate",cat food care,bakery,41
428,"Natural Laundry Detergent, Free & Clear 33",marinades meat preparation,alcohol,5
429,No Sugar Added Applesauce,diapers wipes,beverages,56
430,Organic Sliced Provalone Cheese,packaged produce,dry goods pasta,32
431,Organic Spring Mix,kosher foods,produce,33
432,Special Dark Cocoa,prepared meals,other,13
433,Black Tea Organic Darjeeling,prepared soups salads,frozen,1
434,Organic Peach Lowfat Yogurt,pasta sauce,dry goods pasta,9
435,Organic Yellow Peaches,fresh herbs,produce,16
436,Apple Juice,shave needs,frozen,55
437,Fresh Basil,frozen breakfast,produce,52
438,Original Multigrain Crackers,indian foods,bakery,76
439,Harvest Coarse Ground Mustard,kitchen supplies,other,10
440,Parsnip,instant foods,produce,4
441,Large Grapefruit,fresh herbs,produce,16
442,Labne Kefir Cheese,packaged produce,dry goods pasta,32
443,Sweet Kale Salad Mix,preserved dips spreads,produce,51
444,Perrier Lime,oral hygiene,frozen,20
445,0% Greek Strained Yogurt,pasta sauce,dry goods pasta,9
446,Smok Cured Turkey Bacon,red wines,pantry,28
447,Extra Long Grain Enriched Rice,refrigerated pudding desserts,canned goods,71
448,Organic Blueberries,kosher foods,produce,33
449,Oven Baked Scoops Tortilla Chips,packaged cheese,bakery,21
450,Sea Salt,fruit vegetable snacks,other,50
451,Total Greek Strained Yogurt,pasta sauce,dry goods pasta,9
452,Ground Paprika,fruit vegetable snacks,other,50
453,Organic Tomato Basil Pasta Sauce,facial care,canned goods,73
454,Fresh Dill,frozen breakfast,produce,52
455,Good Buddy Peanut Butter Flavor Dog Cookies,eggs,babies,86
456,Pitted Kalamata Olives,laundry,other,75
457,Rise Krisipies Toasted Rice Cereal,protein meal replacements,dairy eggs,65
458,Organic Granny Smith Apple,fresh herbs,produce,16
459,Organic Kiwi,fresh herbs,produce,16
460,Grands! Southern Homestyle Buttermilk Biscuits,white wines,other,62
461,Organic Dill,frozen breakfast,produce,52
462,Vine Ripe Tomatoes,instant foods,produce,4
463,Unbleached Bread Flour,prepared meals,other,13
464,Gluten Free Chocolate Chip Cookies,cookies cakes,bakery,61
465,Chocolate Chip Cookies,cookies cakes,bakery,61
466,Pure Almond Extract,prepared meals,other,13
467,Organic Romaine Hearts,kosher foods,produce,33
468,"6\"" Yellow Corn Tortillas",buns rolls,breakfast,43
469,Feta Cheese Crumbles,packaged produce,dry goods pasta,32
470,Signature Steakhouse Marinade,frozen breads doughs,other,58
471,Sea Salt & Vinegar Potato Chips,packaged cheese,bakery,21
472,Lemon Sparkling Mineral Water,oral hygiene,frozen,20
473,Anaheim Pepper,instant foods,produce,4
474,Organic Natural Creations Light in Sodium Creamy Garden Tomato Soup,hair care,beverages,22
475,Organic Crushed Tomatoes No Salt Added,cold flu allergy,beverages,11
476,Organic Romaine Lettuce,instant foods,produce,4
477,Parmesan Couscous Mix,soft drinks,canned goods,77
478,Lemonade,shave needs,frozen,55
479,Sea Salt Caramel Gelato,bakery desserts,pets,8
480,Organic Crushed Fire Roasted Tomatoes,cold flu allergy,beverages,11
481,Active Dry Yeast,prepared meals,other,13
482,Extra Whitening Toothpaste,salad dressing toppings,household,89
483,Bartlett Pears,fresh herbs,produce,16
484,Honey Nut Cheerios,protein meal replacements,dairy eggs,65
485,Sea Salt Baked Potato Chips,packaged cheese,bakery,21
486,Organic Tomato Cluster,instant foods,produce,4
487,Chocolate Chip Cookie,cookies cakes,bakery,61
488,Organic Baby Carrots,kosher foods,produce,33
489,Tomatillo,instant foods,produce,4
490,Strawberry Preserves,breakfast bars pastries,other,48
491,Macaroni & Cheese,dog food care,pets,40
492,"Milk Chocolate, 33% Cocoa",cat food care,bakery,41
493,"Flat Parsley, Bunch",frozen breakfast,produce,52
494,Organic Sour Cream,popcorn jerky,dry goods pasta,23
495,Whipped Cream Cheese,popcorn jerky,dry goods pasta,23
496,Originals Dog Food,eggs,babies,86
497,Super Greens Salad,kosher foods,produce,33
498,Original Sauce,kitchen supplies,other,10
499,Raspberries,preserved dips spreads,produce,51
500,Pitted Deglet Noor Dates,energy granola bars,bakery,3
501,Organic Dog Cookies Peanut Butter,eggs,babies,86
502,Organic Bell Pepper,instant foods,produce,4
503,Organic Basil,frozen breakfast,produce,52
504,Frozen Dairy Dessert Blasts Girl Scouts Thin Mints,bakery desserts,pets,8
505,Creamy Swiss Original Wedges Cheese,packaged produce,dry goods pasta,32
506,Organic Peeled Whole Baby Carrots,kosher foods,produce,33
507,Green Plantains,fresh herbs,produce,16
508,Honey Maid Graham Crackers,indian foods,bakery,76
509,Organic Shredded Unsweetened Coconut,prepared meals,other,13
510,Organic Small Bunch Celery,instant foods,produce,4
511,Fresh Mozzarella Cheese,packaged produce,dry goods pasta,32
512,Canned Aranciata Orange,coffee,frozen,26
513,Organic Tomato Sauce,cold flu allergy,beverages,11
514,100% Whole Grain Whole Wheat Flour,prepared meals,other,13
515,All-Purpose Unbleached Flour,prepared meals,other,13
516,Gallon Freezer Bags,cocoa drink mixes,alcohol,90
517,Brussels Sprouts,instant foods,produce,4
518,Seasoning Salt,fruit vegetable snacks,other,50
519,Cucumber & Sage Scent Facial Cleansing Towelettes,bulk grains rice dried goods,household,68
520,Organic Spring Mix Salad,kosher foods,produce,33
521,Heavy Whipping Cream,seafood counter,dry goods pasta,39
522,Organic Balsamic Vinegar Of Modena,soap,other,25
523,Organic Zucchini,instant foods,produce,4
524,Honey Wheat Bread,frozen meat seafood,breakfast,34
525,Original Non-Dairy Coffee Creamer,seafood counter,dry goods pasta,39
526,Organic Cauliflower,instant foods,produce,4
527,Sliced Pepperoni,refrigerated,personal care,31
528,Parsley Flakes,fruit vegetable snacks,other,50
529,Marsala,mint gum,international,46
530,"\""Mokaccino\"" Milk + Blue Bottle Coffee Chocolate",cat food care,bakery,41
531,Tomato Medley,instant foods,produce,4
532,Kosher Salt,fruit vegetable snacks,other,50
533,Grated Parmesan Cheese,packaged produce,dry goods pasta,32
534,Whole Grain Brown Rice,refrigerated pudding desserts,canned goods,71
535,Onion Powder,fruit vegetable snacks,other,50
536,100% Pure Apple Juice,frozen pizza,frozen,79
537,Cantina Thin & Crispy Tortilla Chips,packaged cheese,bakery,21
538,Organic Parsley,frozen breakfast,produce,52
539,Baby Swiss Slices Cheese,packaged produce,dry goods pasta,32
540,Pure Vanilla Extract,prepared meals,other,13
541,Spaghetti Pasta,condiments,canned goods,72
542,Organic Dark Chocolate Peanut Butter Cups,cat food care,bakery,41
543,Total 0% Nonfat Greek Yogurt,pasta sauce,dry goods pasta,9
544,Asparagus,instant foods,produce,4
545,Unsweetened Original Almond Breeze Almond Milk,latino foods,dry goods pasta,30
546,Source Kill Max For Large Roaches Bait Stations,spreads,alcohol,88
547,Roasted Garlic Alfredo Pasta Sauce,facial care,canned goods,73
548,Organic Hass Avocado,fresh herbs,produce,16
549,Small White Beans,packaged meat,beverages,7
550,California Orange Juice,shave needs,frozen,55
551,Original Restaurant Style Tortilla Chips,packaged cheese,bakery,21
552,Whole Cumin,tofu meat alternatives,bulk,14
553,Organic Toffee Milk Chocolate Bar,cat food care,bakery,41
554,Unsalted Cultured Butter,fresh pasta,dry goods pasta,12
555,Medium Navel Orange,fresh herbs,produce,16
556,Organic Green Cabbage,instant foods,produce,4
557,Organic Avocado,fresh herbs,produce,16
558,"Horseradish, Cream, Hot",kitchen supplies,other,10
559,Whole White Mushrooms,kosher foods,produce,33
560,Old Fashioned Rolled Oats,milk,dairy eggs,84
561,Grapefruit Sparkling Water,oral hygiene,frozen,20
562,Spinach,kosher foods,produce,33
563,Almond Milk Peach Yogurt,pasta sauce,dry goods pasta,9
564,Baby Cut Carrots,kosher foods,produce,33
565,Sweet Onion,instant foods,produce,4
566,Cake Flour,prepared meals,other,13
567,Birthday Cake Light Ice Cream,bakery desserts,pets,8
568,Avocado,fresh herbs,produce,16
569,Organic Whole Wheat Bread,frozen meat seafood,breakfast,34
570,"Green Supreme Apple, Kale & Lemon Cold Pressured Fruit & Vegetable Juice",shave needs,frozen,55
571,Globe Eggplant,instant foods,produce,4
572,Persian (Armenian) Cucumber,instant foods,produce,4
573,Organic Half & Half,seafood counter,dry goods pasta,39
